<!-- Logback configuration. See http://logback.qos.ch/manual/index.html -->  
<configuration scan="true" scanPeriod="10 seconds">  
    
  <!-- Simple file output -->  
  <appender name="FILE" class="ch.qos.logback.core.rolling.RollingFileAppender">  
    <!-- encoder defaults to ch.qos.logback.classic.encoder.PatternLayoutEncoder -->  
    <encoder>  
        <pattern>  
            [ %-5level] [%date{yyyy-MM-dd HH:mm:ss}] %logger{96} [%line] - %msg%n  
        </pattern>  
        <charset>UTF-8</charset>
    </encoder>
  
    <rollingPolicy class="ch.qos.logback.core.rolling.TimeBasedRollingPolicy">
    <fileNamePattern>logs/reportLog-%d{yyyy-MM-dd}.%i.log</fileNamePattern>
      <timeBasedFileNamingAndTriggeringPolicy  
          class="ch.qos.logback.core.rolling.SizeAndTimeBasedFNATP">  
        <!-- or whenever the file size reaches 64 MB -->  
        <maxFileSize>64 MB</maxFileSize>  
      </timeBasedFileNamingAndTriggeringPolicy>  
    </rollingPolicy>  
  
  
    <filter class="ch.qos.logback.classic.filter.ThresholdFilter">  
      <level>DEBUG</level>  
    </filter>  
    <!-- Safely log to the same file from multiple JVMs. Degrades performance! -->  
    <prudent>true</prudent>  
  </appender>  
  
  
  <!-- Console output -->  
  <appender name="STDOUT" class="ch.qos.logback.core.ConsoleAppender">  
    <!-- encoder defaults to ch.qos.logback.classic.encoder.PatternLayoutEncoder -->  
      <encoder>  
          <pattern>  
              [ %-5level] [%date{yyyy-MM-dd HH:mm:ss}] %logger{96} [%line] - %msg%n  
          </pattern>  
          <charset>UTF-8</charset>
      </encoder>  
    <!-- Only log level WARN and above -->  
    <filter class="ch.qos.logback.classic.filter.ThresholdFilter">  
      <level>DEBUG</level>  
    </filter>  
  </appender>  
  
  
  <!-- Enable FILE and STDOUT appenders for all log messages.  
       By default, only log at level INFO and above. -->  
  <root level="INFO">  
    <appender-ref ref="FILE" />  
    <appender-ref ref="STDOUT" />  
  </root>  
  
  <!-- For loggers in the these namespaces, log at all levels. -->  
  <logger name="pedestal" level="ALL" />  
  <logger name="hammock-cafe" level="ALL" />  
  <logger name="user" level="ALL" />  
</configuration>